Model,MAE,MAPE
ARIMA,5.914846626572294e-06,1.0586799893689226e-07
Prophet,0.029713515221762722,0.0005465278325405634
